method,mean(time)
ablated,0.0037494525777175686
additive,0.004077711297029462
additive_nn,2.9290564855039776
ilp,0.04401435584593464
random,5.193845036011522e-4
