{"f1": 1.0, "slor": 0.40072522137625555}
{"f1": 0.38709677419354843, "slor": 1.5326110824859618}
{"f1": 0.5454545454545454, "slor": 1.174689478325196}
{"f1": 1.0, "slor": 1.4894958998779295}
{"f1": 0.8148148148148148, "slor": 0.03740566629115553}
{"f1": 1.0, "slor": 0.8809639448974611}
{"f1": 1.0, "slor": 0.8335196410505019}
{"f1": 0.7999999999999999, "slor": 1.9528150330078122}
{"f1": 0.7692307692307693, "slor": 1.8942507500450723}
{"f1": 1.0, "slor": 0.9500205773003477}
