mu,sigma,method
0.009682549629826098,0.004524998922760592,make_decision_lr
